{"cameraMode":{"drawMode":0,"name":"Shaded","section":"Shading Mode"},"sceneLighting":true,"audioPlay":false,"sceneViewState":{"showFog":true,"showMaterialUpdate":false,"showSkybox":true,"showFlares":true,"showImageEffects":true,"showParticleSystems":true,"showVisualEffectGraphs":true,"m_FxEnabled":true},"in2DMode":false,"pivot":{"x":16.981163024902345,"y":1.106309175491333,"z":-7.366858005523682},"rotation":{"x":0.2667314112186432,"y":-0.0014456529170274735,"z":0.0004001121851615608,"w":0.9637706875801086},"size":11.352519989013672,"orthographic":false}